id,value
5/1/10,23.167236328125
4/1/09,22.8128662109375
9/1/13,8.397354125976562
1/1/06,3.312408447265625
2/1/07,8.664352416992188
8/1/12,13.7857666015625
6/1/14,23.209609985351562
3/1/08,14.464630126953125
12/1/04,-1.943084716796875
7/1/11,22.54095458984375
